CO_NCM;NO_PAIS;valor_inicial;valor_final;ano_inicial;ano_final;volume_medio_usd;crescimento_pct;desvio_padrao_usd;coef_variacao;NO_NCM_POR
39201099;Alemanha;5118248;3315476;2021;2025;4348043.2;-35.22244330481837;2207579.467205473;0.5077179240550032;Outras chapas de polímeros de etileno, não reforçadas nem estratificadas, sem suporte, nem associadas de forma semelhante a outras matérias
39201099;Andorra;4300;4300;2022;2022;4300.0;;;;Outras chapas de polímeros de etileno, não reforçadas nem estratificadas, sem suporte, nem associadas de forma semelhante a outras matérias
39201099;Angola;86805;594751;2021;2025;288813.4;585.1575370082369;207520.2828865169;0.7185271974448446;Outras chapas de polímeros de etileno, não reforçadas nem estratificadas, sem suporte, nem associadas de forma semelhante a outras matérias
39201099;Antígua e Barbuda;90;210;2022;2024;107.66666666666667;133.33333333333331;94.74351341032975;0.8799707127894404;Outras chapas de polímeros de etileno, não reforçadas nem estratificadas, sem suporte, nem associadas de forma semelhante a outras matérias
39201099;Argentina;22459553;19023258;2021;2025;28080428.4;-15.299926049285132;8396199.620528314;0.2990053962470286;Outras chapas de polímeros de etileno, não reforçadas nem estratificadas, sem suporte, nem associadas de forma semelhante a outras matérias
39201099;Argélia;3954;160015;2021;2024;81984.5;3946.9145169448657;110351.7913787538;1.346007981737448;Outras chapas de polímeros de etileno, não reforçadas nem estratificadas, sem suporte, nem associadas de forma semelhante a outras matérias
39201099;Aruba;51;51;2021;2021;51.0;;;;Outras chapas de polímeros de etileno, não reforçadas nem estratificadas, sem suporte, nem associadas de forma semelhante a outras matérias
39201099;Arábia Saudita;5046;6916;2024;2025;5981.0;37.059056678557276;1322.2896808188439;0.22108170553734222;Outras chapas de polímeros de etileno, não reforçadas nem estratificadas, sem suporte, nem associadas de forma semelhante a outras matérias
39201099;Austrália;14007;79852;2021;2025;96948.4;470.0863853787392;67490.87560033578;0.6961525471316266;Outras chapas de polímeros de etileno, não reforçadas nem estratificadas, sem suporte, nem associadas de forma semelhante a outras matérias
39201099;Bahamas;31;14506;2021;2025;7268.8;46693.54838709677;7397.248657440144;1.0176712328637663;Outras chapas de polímeros de etileno, não reforçadas nem estratificadas, sem suporte, nem associadas de forma semelhante a outras matérias
39201099;Barbados;23192;14810;2021;2025;17906.4;-36.141773025181095;8187.284916258869;0.4572267410679348;Outras chapas de polímeros de etileno, não reforçadas nem estratificadas, sem suporte, nem associadas de forma semelhante a outras matérias
39201099;Barein;16901;128;2021;2023;8514.5;-99.24264836400212;11860.302040841962;1.3929534371768115;Outras chapas de polímeros de etileno, não reforçadas nem estratificadas, sem suporte, nem associadas de forma semelhante a outras matérias
39201099;Belize;796;1271;2021;2025;1972.4;59.67336683417085;1213.8405167071992;0.6154129571624413;Outras chapas de polímeros de etileno, não reforçadas nem estratificadas, sem suporte, nem associadas de forma semelhante a outras matérias
39201099;Bermudas;40;40;2022;2022;40.0;;;;Outras chapas de polímeros de etileno, não reforçadas nem estratificadas, sem suporte, nem associadas de forma semelhante a outras matérias
39201099;Bolívia;2880803;4351542;2021;2025;4491075.6;51.053091794197655;1010758.6331688194;0.22505936733036055;Outras chapas de polímeros de etileno, não reforçadas nem estratificadas, sem suporte, nem associadas de forma semelhante a outras matérias
39201099;Burkina Faso;14;14;2021;2021;14.0;;;;Outras chapas de polímeros de etileno, não reforçadas nem estratificadas, sem suporte, nem associadas de forma semelhante a outras matérias
39201099;Bélgica;10;96;2021;2025;1077.0;860.0;1466.1272113974285;1.3613066029688288;Outras chapas de polímeros de etileno, não reforçadas nem estratificadas, sem suporte, nem associadas de forma semelhante a outras matérias
39201099;Cabo Verde;9;175;2023;2024;92.0;1844.4444444444443;117.37972567696688;1.2758665834452922;Outras chapas de polímeros de etileno, não reforçadas nem estratificadas, sem suporte, nem associadas de forma semelhante a outras matérias
39201099;Camarões;664;664;2022;2022;664.0;;;;Outras chapas de polímeros de etileno, não reforçadas nem estratificadas, sem suporte, nem associadas de forma semelhante a outras matérias
39201099;Canadá;1428010;126;2021;2025;567771.8;-99.99117653237722;607707.2382193584;1.070337128788993;Outras chapas de polímeros de etileno, não reforçadas nem estratificadas, sem suporte, nem associadas de forma semelhante a outras matérias
39201099;Catar;271;6903;2022;2023;3587.0;2447.2324723247234;4689.532172829183;1.307368880075044;Outras chapas de polímeros de etileno, não reforçadas nem estratificadas, sem suporte, nem associadas de forma semelhante a outras matérias
39201099;Cayman, Ilhas;32;32;2024;2024;32.0;;;;Outras chapas de polímeros de etileno, não reforçadas nem estratificadas, sem suporte, nem associadas de forma semelhante a outras matérias
39201099;Chile;28350146;25451492;2021;2025;26265079.2;-10.224476445377036;4754334.274265505;0.18101351372530813;Outras chapas de polímeros de etileno, não reforçadas nem estratificadas, sem suporte, nem associadas de forma semelhante a outras matérias
39201099;China;708564;757834;2021;2025;731361.8;6.953500318954957;150846.66429921478;0.2062545026267639;Outras chapas de polímeros de etileno, não reforçadas nem estratificadas, sem suporte, nem associadas de forma semelhante a outras matérias
39201099;Chipre;294;1167;2021;2025;408.0;296.9387755102041;437.0280311375919;1.0711471351411566;Outras chapas de polímeros de etileno, não reforçadas nem estratificadas, sem suporte, nem associadas de forma semelhante a outras matérias
39201099;Colômbia;16422685;10620820;2021;2025;15464029.4;-35.32835830438202;3904660.872085987;0.2524995763449588;Outras chapas de polímeros de etileno, não reforçadas nem estratificadas, sem suporte, nem associadas de forma semelhante a outras matérias
39201099;Congo;1367;1349;2021;2025;4462.8;-1.3167520117044622;6921.710785636742;1.5509793819209334;Outras chapas de polímeros de etileno, não reforçadas nem estratificadas, sem suporte, nem associadas de forma semelhante a outras matérias
39201099;Congo, República Democrática;67568;67568;2023;2023;67568.0;;;;Outras chapas de polímeros de etileno, não reforçadas nem estratificadas, sem suporte, nem associadas de forma semelhante a outras matérias
39201099;Coreia do Sul;83949;23542;2021;2025;70372.4;-71.95678328508976;33665.308647033075;0.4783879567420335;Outras chapas de polímeros de etileno, não reforçadas nem estratificadas, sem suporte, nem associadas de forma semelhante a outras matérias
39201099;Costa Rica;1509427;505748;2021;2025;1731146.6;-66.4940404537616;1030853.9623978267;0.595474676955624;Outras chapas de polímeros de etileno, não reforçadas nem estratificadas, sem suporte, nem associadas de forma semelhante a outras matérias
39201099;Costa do Marfim;3;3;2025;2025;3.0;;;;Outras chapas de polímeros de etileno, não reforçadas nem estratificadas, sem suporte, nem associadas de forma semelhante a outras matérias
39201099;Cuba;718092;206350;2021;2025;295861.2;-71.26412771622577;241850.60728825966;0.8174461784386045;Outras chapas de polímeros de etileno, não reforçadas nem estratificadas, sem suporte, nem associadas de forma semelhante a outras matérias
39201099;Curaçao;78;30;2021;2023;87.66666666666667;-61.53846153846154;63.058174199173685;0.7192947627282169;Outras chapas de polímeros de etileno, não reforçadas nem estratificadas, sem suporte, nem associadas de forma semelhante a outras matérias
39201099;Dinamarca;168275;1374497;2021;2025;1055746.6;716.8159263110979;656482.4711218876;0.6218182195631864;Outras chapas de polímeros de etileno, não reforçadas nem estratificadas, sem suporte, nem associadas de forma semelhante a outras matérias
39201099;Egito;3653;3653;2024;2024;3653.0;;;;Outras chapas de polímeros de etileno, não reforçadas nem estratificadas, sem suporte, nem associadas de forma semelhante a outras matérias
39201099;El Salvador;1571;3305;2021;2025;24715.0;110.37555697008274;23706.404588212023;0.9591909604779293;Outras chapas de polímeros de etileno, não reforçadas nem estratificadas, sem suporte, nem associadas de forma semelhante a outras matérias
39201099;Emirados Árabes Unidos;492810;777;2021;2025;99810.2;-99.84233274487126;219698.5388633707;2.201163196380437;Outras chapas de polímeros de etileno, não reforçadas nem estratificadas, sem suporte, nem associadas de forma semelhante a outras matérias
39201099;Equador;762358;770638;2021;2025;674537.4;1.0861039039401437;136032.6425597915;0.201668050666711;Outras chapas de polímeros de etileno, não reforçadas nem estratificadas, sem suporte, nem associadas de forma semelhante a outras matérias
39201099;Espanha;15235146;21314959;2021;2025;18057318.6;39.906496465475286;3896120.065596131;0.2157640429291717;Outras chapas de polímeros de etileno, não reforçadas nem estratificadas, sem suporte, nem associadas de forma semelhante a outras matérias
39201099;Estados Unidos;15450013;7603297;2021;2025;12191051.8;-50.78776309120258;2843588.9813414845;0.2332521449331783;Outras chapas de polímeros de etileno, não reforçadas nem estratificadas, sem suporte, nem associadas de forma semelhante a outras matérias
39201099;Estônia;312297;232275;2021;2023;272286.0;-25.623685145870756;56584.0988441099;0.20781126772625072;Outras chapas de polímeros de etileno, não reforçadas nem estratificadas, sem suporte, nem associadas de forma semelhante a outras matérias
39201099;Filipinas;963;3607;2021;2025;3472.3333333333335;274.5586708203531;2444.783289646208;0.7040750570162833;Outras chapas de polímeros de etileno, não reforçadas nem estratificadas, sem suporte, nem associadas de forma semelhante a outras matérias
39201099;Finlândia;58784;66803;2024;2025;62793.5;13.641467065868262;5670.289278334924;0.09030057694402963;Outras chapas de polímeros de etileno, não reforçadas nem estratificadas, sem suporte, nem associadas de forma semelhante a outras matérias
39201099;França;313070;38113;2021;2025;101958.2;-87.82604529338487;131823.66651591816;1.2929187305770224;Outras chapas de polímeros de etileno, não reforçadas nem estratificadas, sem suporte, nem associadas de forma semelhante a outras matérias
39201099;Gana;68;468;2021;2023;254.0;588.2352941176471;201.4646370954466;0.7931678625804984;Outras chapas de polímeros de etileno, não reforçadas nem estratificadas, sem suporte, nem associadas de forma semelhante a outras matérias
39201099;Geórgia;98;98;2023;2023;98.0;;;;Outras chapas de polímeros de etileno, não reforçadas nem estratificadas, sem suporte, nem associadas de forma semelhante a outras matérias
39201099;Grécia;191;1025;2021;2025;395.2;436.6492146596858;377.4151560284775;0.954997864444528;Outras chapas de polímeros de etileno, não reforçadas nem estratificadas, sem suporte, nem associadas de forma semelhante a outras matérias
39201099;Guatemala;4595;316081;2021;2025;91044.6;6778.803046789989;135841.49481767343;1.4920324194699457;Outras chapas de polímeros de etileno, não reforçadas nem estratificadas, sem suporte, nem associadas de forma semelhante a outras matérias
39201099;Guiana;253271;498999;2021;2025;379641.0;97.02176719798162;167309.83640390064;0.4407053937901877;Outras chapas de polímeros de etileno, não reforçadas nem estratificadas, sem suporte, nem associadas de forma semelhante a outras matérias
39201099;Guiana Francesa;1738;2382;2022;2025;1236.0;37.05408515535098;1040.2691959295921;0.8416417442796053;Outras chapas de polímeros de etileno, não reforçadas nem estratificadas, sem suporte, nem associadas de forma semelhante a outras matérias
39201099;Guiné;6544;6544;2022;2022;6544.0;;;;Outras chapas de polímeros de etileno, não reforçadas nem estratificadas, sem suporte, nem associadas de forma semelhante a outras matérias
39201099;Haiti;8652;8652;2023;2023;8652.0;;;;Outras chapas de polímeros de etileno, não reforçadas nem estratificadas, sem suporte, nem associadas de forma semelhante a outras matérias
39201099;Honduras;47259;33;2021;2025;20188.8;-99.93017203072431;18611.379897793715;0.921866574427094;Outras chapas de polímeros de etileno, não reforçadas nem estratificadas, sem suporte, nem associadas de forma semelhante a outras matérias
39201099;Hong Kong;638;222;2021;2025;2372.8;-65.20376175548589;4392.177500966918;1.8510525543522074;Outras chapas de polímeros de etileno, não reforçadas nem estratificadas, sem suporte, nem associadas de forma semelhante a outras matérias
39201099;Hungria;44;44;2021;2021;44.0;;;;Outras chapas de polímeros de etileno, não reforçadas nem estratificadas, sem suporte, nem associadas de forma semelhante a outras matérias
39201099;Indonésia;6465;6465;2022;2022;6465.0;;;;Outras chapas de polímeros de etileno, não reforçadas nem estratificadas, sem suporte, nem associadas de forma semelhante a outras matérias
39201099;Iraque;98;98;2023;2023;98.0;;;;Outras chapas de polímeros de etileno, não reforçadas nem estratificadas, sem suporte, nem associadas de forma semelhante a outras matérias
39201099;Irlanda;0;0;2024;2024;0.0;;;;Outras chapas de polímeros de etileno, não reforçadas nem estratificadas, sem suporte, nem associadas de forma semelhante a outras matérias
39201099;Israel;405739;776629;2021;2025;499028.8;91.41098095080828;200320.40130176456;0.4014205218251223;Outras chapas de polímeros de etileno, não reforçadas nem estratificadas, sem suporte, nem associadas de forma semelhante a outras matérias
39201099;Itália;147449;27570;2021;2025;509301.6;-81.30200950837238;636738.8806098619;1.2502196745697676;Outras chapas de polímeros de etileno, não reforçadas nem estratificadas, sem suporte, nem associadas de forma semelhante a outras matérias
39201099;Jamaica;128006;140650;2021;2025;120847.0;9.877661984594473;17936.34844387229;0.14842195870706176;Outras chapas de polímeros de etileno, não reforçadas nem estratificadas, sem suporte, nem associadas de forma semelhante a outras matérias
39201099;Japão;11339;30451;2021;2025;26031.0;168.5510186083429;12572.932096372748;0.48299842865709147;Outras chapas de polímeros de etileno, não reforçadas nem estratificadas, sem suporte, nem associadas de forma semelhante a outras matérias
39201099;Jordânia;184;184;2023;2023;184.0;;;;Outras chapas de polímeros de etileno, não reforçadas nem estratificadas, sem suporte, nem associadas de forma semelhante a outras matérias
39201099;Letônia;61884;512920;2021;2025;195976.25;728.8410574623489;217573.19766364453;1.1102018620299374;Outras chapas de polímeros de etileno, não reforçadas nem estratificadas, sem suporte, nem associadas de forma semelhante a outras matérias
39201099;Libéria;560;1598;2021;2025;1062.2;185.35714285714286;702.4113467192852;0.6612797464877473;Outras chapas de polímeros de etileno, não reforçadas nem estratificadas, sem suporte, nem associadas de forma semelhante a outras matérias
39201099;Luxemburgo;49416;49416;2022;2022;49416.0;;;;Outras chapas de polímeros de etileno, não reforçadas nem estratificadas, sem suporte, nem associadas de forma semelhante a outras matérias
39201099;Madagascar;23593;57384;2024;2025;40488.5;143.22468528800917;23893.845243074626;0.5901390578330792;Outras chapas de polímeros de etileno, não reforçadas nem estratificadas, sem suporte, nem associadas de forma semelhante a outras matérias
39201099;Malta;98;382;2021;2025;1056.2;289.7959183673469;1079.3929775572935;1.021958888048943;Outras chapas de polímeros de etileno, não reforçadas nem estratificadas, sem suporte, nem associadas de forma semelhante a outras matérias
39201099;Malásia;33365;32019;2021;2025;31214.4;-4.034167540836205;15445.35177003101;0.4948149498318407;Outras chapas de polímeros de etileno, não reforçadas nem estratificadas, sem suporte, nem associadas de forma semelhante a outras matérias
39201099;Marrocos;1227;248926;2022;2025;116763.0;20187.367563162185;116152.2858348757;0.9947696259506497;Outras chapas de polímeros de etileno, não reforçadas nem estratificadas, sem suporte, nem associadas de forma semelhante a outras matérias
39201099;Marshall, Ilhas;2934;1201;2021;2025;1531.4;-59.066121336059986;949.7838175079632;0.6202062279665425;Outras chapas de polímeros de etileno, não reforçadas nem estratificadas, sem suporte, nem associadas de forma semelhante a outras matérias
39201099;Maurício;40;64;2021;2025;783.3333333333334;60.0;1266.7633296450183;1.6171446761425765;Outras chapas de polímeros de etileno, não reforçadas nem estratificadas, sem suporte, nem associadas de forma semelhante a outras matérias
39201099;Montenegro;69994;69994;2021;2021;69994.0;;;;Outras chapas de polímeros de etileno, não reforçadas nem estratificadas, sem suporte, nem associadas de forma semelhante a outras matérias
39201099;Moçambique;40;4590;2022;2024;1546.6666666666667;11375.0;2635.646663218219;1.7040818943221243;Outras chapas de polímeros de etileno, não reforçadas nem estratificadas, sem suporte, nem associadas de forma semelhante a outras matérias
39201099;México;13074634;6418887;2021;2025;11753452.8;-50.905799734049914;4186027.9260703935;0.35615303837102175;Outras chapas de polímeros de etileno, não reforçadas nem estratificadas, sem suporte, nem associadas de forma semelhante a outras matérias
39201099;Nicarágua;86124;3704;2021;2025;34817.6;-95.69922437415819;32203.205078066374;0.9249116848394598;Outras chapas de polímeros de etileno, não reforçadas nem estratificadas, sem suporte, nem associadas de forma semelhante a outras matérias
39201099;Nigéria;1247;482;2021;2024;864.5;-61.34723336006416;540.9366876077089;0.6257220215242439;Outras chapas de polímeros de etileno, não reforçadas nem estratificadas, sem suporte, nem associadas de forma semelhante a outras matérias
39201099;Noruega;4827;417;2022;2025;1816.0;-91.36109384711001;2609.776427205978;1.4371015568314858;Outras chapas de polímeros de etileno, não reforçadas nem estratificadas, sem suporte, nem associadas de forma semelhante a outras matérias
39201099;Omã;180;180;2024;2024;180.0;;;;Outras chapas de polímeros de etileno, não reforçadas nem estratificadas, sem suporte, nem associadas de forma semelhante a outras matérias
39201099;Panamá;177602;277151;2021;2025;135003.4;56.05173365164807;93991.32632482637;0.6962145125591384;Outras chapas de polímeros de etileno, não reforçadas nem estratificadas, sem suporte, nem associadas de forma semelhante a outras matérias
39201099;Paquistão;25093;25093;2025;2025;25093.0;;;;Outras chapas de polímeros de etileno, não reforçadas nem estratificadas, sem suporte, nem associadas de forma semelhante a outras matérias
39201099;Paraguai;10204055;10940982;2021;2025;11141330.4;7.221903449168002;671848.391727479;0.06030234878659365;Outras chapas de polímeros de etileno, não reforçadas nem estratificadas, sem suporte, nem associadas de forma semelhante a outras matérias
39201099;Países Baixos (Holanda);216;15047;2021;2025;12544.0;6866.2037037037035;18838.408664215778;1.5017864049916916;Outras chapas de polímeros de etileno, não reforçadas nem estratificadas, sem suporte, nem associadas de forma semelhante a outras matérias
39201099;Peru;5443271;4317454;2021;2025;5841251.6;-20.682729189856612;1280237.4884123257;0.21917177620158082;Outras chapas de polímeros de etileno, não reforçadas nem estratificadas, sem suporte, nem associadas de forma semelhante a outras matérias
39201099;Polônia;72611;63301;2023;2025;67956.0;-12.82174877084739;6583.164132846758;0.09687392037269348;Outras chapas de polímeros de etileno, não reforçadas nem estratificadas, sem suporte, nem associadas de forma semelhante a outras matérias
39201099;Porto Rico;800642;190528;2021;2025;409592.0;-76.20309701464575;243013.3037222448;0.5933057865442801;Outras chapas de polímeros de etileno, não reforçadas nem estratificadas, sem suporte, nem associadas de forma semelhante a outras matérias
39201099;Portugal;18770;452342;2021;2025;392766.6;2309.920085242408;227786.8143172471;0.5799546456273195;Outras chapas de polímeros de etileno, não reforçadas nem estratificadas, sem suporte, nem associadas de forma semelhante a outras matérias
39201099;Reino Unido;16953;39042;2021;2025;11915.4;130.295522916298;16642.27999103488;1.3967034250662909;Outras chapas de polímeros de etileno, não reforçadas nem estratificadas, sem suporte, nem associadas de forma semelhante a outras matérias
39201099;República Dominicana;947743;256607;2021;2025;518896.4;-72.92441094262895;303704.843843163;0.5852899419675353;Outras chapas de polímeros de etileno, não reforçadas nem estratificadas, sem suporte, nem associadas de forma semelhante a outras matérias
39201099;Romênia;658;658;2021;2021;658.0;;;;Outras chapas de polímeros de etileno, não reforçadas nem estratificadas, sem suporte, nem associadas de forma semelhante a outras matérias
39201099;Ruanda;1505;1505;2023;2023;1505.0;;;;Outras chapas de polímeros de etileno, não reforçadas nem estratificadas, sem suporte, nem associadas de forma semelhante a outras matérias
39201099;Rússia;1921019;3313271;2021;2025;1573081.6;72.47466058378393;1078943.657706138;0.685879014608103;Outras chapas de polímeros de etileno, não reforçadas nem estratificadas, sem suporte, nem associadas de forma semelhante a outras matérias
39201099;Singapura;12036;83441;2021;2025;29404.6;593.261881023596;31396.1937390506;1.0677306863229086;Outras chapas de polímeros de etileno, não reforçadas nem estratificadas, sem suporte, nem associadas de forma semelhante a outras matérias
39201099;Sudão;158797;158797;2021;2021;158797.0;;;;Outras chapas de polímeros de etileno, não reforçadas nem estratificadas, sem suporte, nem associadas de forma semelhante a outras matérias
39201099;Suriname;74700;38390;2021;2025;57565.0;-48.607764390896925;46772.22011514955;0.8125114238712681;Outras chapas de polímeros de etileno, não reforçadas nem estratificadas, sem suporte, nem associadas de forma semelhante a outras matérias
39201099;Suécia;10692;10692;2021;2021;10692.0;;;;Outras chapas de polímeros de etileno, não reforçadas nem estratificadas, sem suporte, nem associadas de forma semelhante a outras matérias
39201099;Suíça;395;96;2021;2025;1251.0;-75.69620253164557;2181.162228415545;1.7435349547686212;Outras chapas de polímeros de etileno, não reforçadas nem estratificadas, sem suporte, nem associadas de forma semelhante a outras matérias
39201099;São Vicente e Granadinas;23;23;2022;2024;23.0;0.0;0.0;0.0;Outras chapas de polímeros de etileno, não reforçadas nem estratificadas, sem suporte, nem associadas de forma semelhante a outras matérias
39201099;Tailândia;4263;3857;2021;2025;3407.4;-9.523809523809524;2184.6801367705984;0.6411575209164168;Outras chapas de polímeros de etileno, não reforçadas nem estratificadas, sem suporte, nem associadas de forma semelhante a outras matérias
39201099;Taiwan (Formosa);35800;46885;2021;2025;25149.8;30.963687150837988;15541.70050863161;0.6179651730284778;Outras chapas de polímeros de etileno, não reforçadas nem estratificadas, sem suporte, nem associadas de forma semelhante a outras matérias
39201099;Tcheca, República;47076;47076;2025;2025;47076.0;;;;Outras chapas de polímeros de etileno, não reforçadas nem estratificadas, sem suporte, nem associadas de forma semelhante a outras matérias
39201099;Trinidad e Tobago;1296495;922830;2021;2025;1357459.6;-28.82116784098666;298932.90902107116;0.2202149581623432;Outras chapas de polímeros de etileno, não reforçadas nem estratificadas, sem suporte, nem associadas de forma semelhante a outras matérias
39201099;Turcomenistão;93;93;2022;2022;93.0;;;;Outras chapas de polímeros de etileno, não reforçadas nem estratificadas, sem suporte, nem associadas de forma semelhante a outras matérias
39201099;Turquia;23;221431;2021;2025;132204.8;962643.4782608696;196464.4731451465;1.4860615737488088;Outras chapas de polímeros de etileno, não reforçadas nem estratificadas, sem suporte, nem associadas de forma semelhante a outras matérias
39201099;Uruguai;12195635;14920702;2021;2025;13743307.6;22.344609362284128;1206565.6985319117;0.087792963211557;Outras chapas de polímeros de etileno, não reforçadas nem estratificadas, sem suporte, nem associadas de forma semelhante a outras matérias
39201099;Venezuela;377712;1612709;2021;2025;794214.8;326.967901469903;485036.34944476065;0.6107117991817335;Outras chapas de polímeros de etileno, não reforçadas nem estratificadas, sem suporte, nem associadas de forma semelhante a outras matérias
39201099;Vietnã;2748;5;2021;2024;7017.333333333333;-99.81804949053857;9866.002956280387;1.405947599697946;Outras chapas de polímeros de etileno, não reforçadas nem estratificadas, sem suporte, nem associadas de forma semelhante a outras matérias
39201099;Zâmbia;360;360;2021;2021;360.0;;;;Outras chapas de polímeros de etileno, não reforçadas nem estratificadas, sem suporte, nem associadas de forma semelhante a outras matérias
39201099;África do Sul;717987;253000;2021;2025;447941.0;-64.76259319458431;191571.00338908288;0.4276701694845591;Outras chapas de polímeros de etileno, não reforçadas nem estratificadas, sem suporte, nem associadas de forma semelhante a outras matérias
39201099;Áustria;371328;387325;2021;2025;619469.4;4.308051103067908;513676.2577775032;0.8292197447969233;Outras chapas de polímeros de etileno, não reforçadas nem estratificadas, sem suporte, nem associadas de forma semelhante a outras matérias
39201099;Índia;242291;213045;2021;2025;154360.4;-12.070609308641261;75559.02566073758;0.4894974725430718;Outras chapas de polímeros de etileno, não reforçadas nem estratificadas, sem suporte, nem associadas de forma semelhante a outras matérias
39232110;Alemanha;85;120;2021;2024;110.0;41.17647058823529;21.79449471770337;0.19813177016093972;Sacos, bolsas, cartuchos, de polímeros de etileno, de capacidade inferior ou igual a 1.000 cm3
39232110;Angola;27740;2;2021;2025;11361.8;-99.99279019466475;10978.359790970599;0.966251807897569;Sacos, bolsas, cartuchos, de polímeros de etileno, de capacidade inferior ou igual a 1.000 cm3
39232110;Antígua e Barbuda;10;697;2021;2025;221.4;6870.0;282.7389255125654;1.2770502507342611;Sacos, bolsas, cartuchos, de polímeros de etileno, de capacidade inferior ou igual a 1.000 cm3
39232110;Argentina;137752;206356;2021;2025;84974.2;49.80254370172484;84096.82031563381;0.9896747520498436;Sacos, bolsas, cartuchos, de polímeros de etileno, de capacidade inferior ou igual a 1.000 cm3
39232110;Aruba;303;42;2024;2025;172.5;-86.13861386138613;184.55486988968892;1.0698833037083415;Sacos, bolsas, cartuchos, de polímeros de etileno, de capacidade inferior ou igual a 1.000 cm3
39232110;Arábia Saudita;15;15;2023;2023;15.0;;;;Sacos, bolsas, cartuchos, de polímeros de etileno, de capacidade inferior ou igual a 1.000 cm3
39232110;Austrália;254;6840;2021;2025;3226.0;2592.9133858267714;3530.3593773627827;1.0943457462376884;Sacos, bolsas, cartuchos, de polímeros de etileno, de capacidade inferior ou igual a 1.000 cm3
39232110;Bahamas;1261;4084;2021;2025;2215.6;223.8699444885012;1403.2841123592898;0.6333652790933787;Sacos, bolsas, cartuchos, de polímeros de etileno, de capacidade inferior ou igual a 1.000 cm3
39232110;Bangladesh;13;4;2022;2024;8.5;-69.23076923076923;6.363961030678928;0.7487012977269326;Sacos, bolsas, cartuchos, de polímeros de etileno, de capacidade inferior ou igual a 1.000 cm3
39232110;Barbados;329;344;2022;2025;360.5;4.5592705167173255;74.60339581189764;0.20694423248792687;Sacos, bolsas, cartuchos, de polímeros de etileno, de capacidade inferior ou igual a 1.000 cm3
39232110;Barein;41;107;2021;2023;87.0;160.97560975609758;39.949968710876355;0.4591950426537512;Sacos, bolsas, cartuchos, de polímeros de etileno, de capacidade inferior ou igual a 1.000 cm3
39232110;Belarus;37;37;2025;2025;37.0;;;;Sacos, bolsas, cartuchos, de polímeros de etileno, de capacidade inferior ou igual a 1.000 cm3
39232110;Belize;28;83;2022;2024;126.66666666666667;196.42857142857142;126.2946290755602;0.9970628611228436;Sacos, bolsas, cartuchos, de polímeros de etileno, de capacidade inferior ou igual a 1.000 cm3
39232110;Bermudas;32;38;2021;2022;35.0;18.75;4.242640687119285;0.12121830534626528;Sacos, bolsas, cartuchos, de polímeros de etileno, de capacidade inferior ou igual a 1.000 cm3
39232110;Bolívia;17846;25203;2021;2025;25790.0;41.224924352796144;16340.648503042956;0.633604052076113;Sacos, bolsas, cartuchos, de polímeros de etileno, de capacidade inferior ou igual a 1.000 cm3
39232110;Botsuana;45;45;2022;2022;45.0;;;;Sacos, bolsas, cartuchos, de polímeros de etileno, de capacidade inferior ou igual a 1.000 cm3
39232110;Brasil;35;97;2021;2025;221.5;177.14285714285714;249.56161563830284;1.1266890096537374;Sacos, bolsas, cartuchos, de polímeros de etileno, de capacidade inferior ou igual a 1.000 cm3
39232110;Bélgica;257;4333;2022;2024;1586.3333333333333;1585.9922178988327;2379.090022116299;1.4997415562826009;Sacos, bolsas, cartuchos, de polímeros de etileno, de capacidade inferior ou igual a 1.000 cm3
39232110;Cabo Verde;635;635;2023;2023;635.0;;;;Sacos, bolsas, cartuchos, de polímeros de etileno, de capacidade inferior ou igual a 1.000 cm3
39232110;Camarões;22;7;2023;2025;14.5;-68.18181818181817;10.606601717798213;0.7314897736412561;Sacos, bolsas, cartuchos, de polímeros de etileno, de capacidade inferior ou igual a 1.000 cm3
39232110;Canadá;21;33;2021;2025;444.6;57.14285714285714;912.407419961061;2.052198425463475;Sacos, bolsas, cartuchos, de polímeros de etileno, de capacidade inferior ou igual a 1.000 cm3
39232110;Catar;1401;213;2021;2023;807.0;-84.79657387580299;840.0428560496184;1.040945298698412;Sacos, bolsas, cartuchos, de polímeros de etileno, de capacidade inferior ou igual a 1.000 cm3
39232110;Cayman, Ilhas;13;247;2023;2025;130.0;1800.0;165.46298679765212;1.2727922061357855;Sacos, bolsas, cartuchos, de polímeros de etileno, de capacidade inferior ou igual a 1.000 cm3
39232110;Cazaquistão;1;1;2022;2022;1.0;;;;Sacos, bolsas, cartuchos, de polímeros de etileno, de capacidade inferior ou igual a 1.000 cm3
39232110;Chile;223308;1468139;2021;2025;878680.4;557.4502480878427;724033.7673346457;0.8240012720605191;Sacos, bolsas, cartuchos, de polímeros de etileno, de capacidade inferior ou igual a 1.000 cm3
39232110;China;200;27;2022;2025;99.25;-86.5;94.91531313053055;0.9563255731035823;Sacos, bolsas, cartuchos, de polímeros de etileno, de capacidade inferior ou igual a 1.000 cm3
39232110;Chipre;650;1615;2021;2025;1314.2;148.46153846153845;477.3664211064704;0.36323727066387945;Sacos, bolsas, cartuchos, de polímeros de etileno, de capacidade inferior ou igual a 1.000 cm3
39232110;Colômbia;57338;1034257;2021;2025;341001.2;1703.7898078063413;437148.4964651028;1.2819558889091969;Sacos, bolsas, cartuchos, de polímeros de etileno, de capacidade inferior ou igual a 1.000 cm3
39232110;Congo;3555;8128;2022;2025;5789.5;128.63572433192687;4742.977299826204;0.819237809798118;Sacos, bolsas, cartuchos, de polímeros de etileno, de capacidade inferior ou igual a 1.000 cm3
39232110;Coreia do Sul;950;5453;2021;2025;2156.3333333333335;474.0;2889.0088842600217;1.3397784283165968;Sacos, bolsas, cartuchos, de polímeros de etileno, de capacidade inferior ou igual a 1.000 cm3
39232110;Costa Rica;2714;3632;2021;2025;3450.2;33.82461311717023;4188.901073073939;1.214103841248026;Sacos, bolsas, cartuchos, de polímeros de etileno, de capacidade inferior ou igual a 1.000 cm3
39232110;Costa do Marfim;803;803;2024;2024;803.0;;;;Sacos, bolsas, cartuchos, de polímeros de etileno, de capacidade inferior ou igual a 1.000 cm3
39232110;Coveite (Kuweit);350;15;2021;2022;182.5;-95.71428571428572;236.88077169749343;1.297976831219142;Sacos, bolsas, cartuchos, de polímeros de etileno, de capacidade inferior ou igual a 1.000 cm3
39232110;Croácia;246;177;2024;2025;211.5;-28.04878048780488;48.79036790187178;0.23068731868497297;Sacos, bolsas, cartuchos, de polímeros de etileno, de capacidade inferior ou igual a 1.000 cm3
39232110;Curaçao;225;2259;2021;2025;929.0;903.9999999999999;1152.4738608749442;1.2405531333422435;Sacos, bolsas, cartuchos, de polímeros de etileno, de capacidade inferior ou igual a 1.000 cm3
39232110;Dinamarca;165;176;2022;2025;681.25;6.666666666666667;905.1859385415427;1.3287133042811636;Sacos, bolsas, cartuchos, de polímeros de etileno, de capacidade inferior ou igual a 1.000 cm3
39232110;Egito;0;0;2021;2021;0.0;;;;Sacos, bolsas, cartuchos, de polímeros de etileno, de capacidade inferior ou igual a 1.000 cm3
39232110;El Salvador;125;125;2021;2021;125.0;;;;Sacos, bolsas, cartuchos, de polímeros de etileno, de capacidade inferior ou igual a 1.000 cm3
39232110;Emirados Árabes Unidos;21;7;2021;2024;729.0;-66.66666666666666;934.4499273190975;1.2818243173101473;Sacos, bolsas, cartuchos, de polímeros de etileno, de capacidade inferior ou igual a 1.000 cm3
39232110;Equador;6405;27280;2021;2025;10841.5;325.91725214676035;10984.289401989856;1.0131706315537385;Sacos, bolsas, cartuchos, de polímeros de etileno, de capacidade inferior ou igual a 1.000 cm3
39232110;Espanha;283;5372;2021;2025;1888.0;1798.2332155477031;3020.341205890487;1.599756994645385;Sacos, bolsas, cartuchos, de polímeros de etileno, de capacidade inferior ou igual a 1.000 cm3
39232110;Estados Unidos;40395;160884;2021;2025;91120.2;298.27701448199036;51154.55831790555;0.561396466622171;Sacos, bolsas, cartuchos, de polímeros de etileno, de capacidade inferior ou igual a 1.000 cm3
39232110;Filipinas;54;131;2021;2025;63.6;142.59259259259258;43.47182995918161;0.6835193389808429;Sacos, bolsas, cartuchos, de polímeros de etileno, de capacidade inferior ou igual a 1.000 cm3
39232110;França;1997;120;2021;2025;722.8;-93.99098647971958;851.893009714248;1.1786012862676372;Sacos, bolsas, cartuchos, de polímeros de etileno, de capacidade inferior ou igual a 1.000 cm3
39232110;Gabão;134;4;2023;2024;69.0;-97.01492537313433;91.92388155425118;1.3322301674529158;Sacos, bolsas, cartuchos, de polímeros de etileno, de capacidade inferior ou igual a 1.000 cm3
39232110;Gibraltar;16;2483;2023;2025;1249.5;15418.75;1744.4324291872128;1.3961043851038117;Sacos, bolsas, cartuchos, de polímeros de etileno, de capacidade inferior ou igual a 1.000 cm3
39232110;Grécia;1581;1041;2021;2025;1052.0;-34.15559772296015;397.5776653686673;0.37792553742268753;Sacos, bolsas, cartuchos, de polímeros de etileno, de capacidade inferior ou igual a 1.000 cm3
39232110;Guatemala;4551;17075;2021;2023;8874.666666666666;275.1922654361679;7105.213039264433;0.8006174548450008;Sacos, bolsas, cartuchos, de polímeros de etileno, de capacidade inferior ou igual a 1.000 cm3
39232110;Guiana;35201;5174;2021;2025;28533.0;-85.3015539331269;13927.715587992167;0.4881265758242094;Sacos, bolsas, cartuchos, de polímeros de etileno, de capacidade inferior ou igual a 1.000 cm3
39232110;Guiana Francesa;222;7;2021;2023;234.33333333333334;-96.84684684684684;233.7441621374389;0.9974857559207919;Sacos, bolsas, cartuchos, de polímeros de etileno, de capacidade inferior ou igual a 1.000 cm3
39232110;Guiné;389;389;2022;2022;389.0;;;;Sacos, bolsas, cartuchos, de polímeros de etileno, de capacidade inferior ou igual a 1.000 cm3
39232110;Guiné-Bissau;17;17;2025;2025;17.0;;;;Sacos, bolsas, cartuchos, de polímeros de etileno, de capacidade inferior ou igual a 1.000 cm3
39232110;Haiti;1219;1219;2022;2022;1219.0;;;;Sacos, bolsas, cartuchos, de polímeros de etileno, de capacidade inferior ou igual a 1.000 cm3
39232110;Honduras;30914;37;2021;2025;6199.6;-99.8803131267387;13815.773496261438;2.228494337741376;Sacos, bolsas, cartuchos, de polímeros de etileno, de capacidade inferior ou igual a 1.000 cm3
39232110;Hong Kong;368;1187;2021;2025;761.4;222.55434782608697;351.5448762249281;0.46170853194763345;Sacos, bolsas, cartuchos, de polímeros de etileno, de capacidade inferior ou igual a 1.000 cm3
39232110;Ilha de Man;412;78;2021;2025;192.66666666666666;-81.06796116504854;190.01403456937945;0.9862320133358795;Sacos, bolsas, cartuchos, de polímeros de etileno, de capacidade inferior ou igual a 1.000 cm3
39232110;Indonésia;247;669;2022;2023;458.0;170.8502024291498;298.3990616607231;0.6515263355037622;Sacos, bolsas, cartuchos, de polímeros de etileno, de capacidade inferior ou igual a 1.000 cm3
39232110;Iraque;190;190;2023;2023;190.0;;;;Sacos, bolsas, cartuchos, de polímeros de etileno, de capacidade inferior ou igual a 1.000 cm3
39232110;Irlanda;486;107;2021;2022;296.5;-77.9835390946502;267.9934700697015;0.9038565601001738;Sacos, bolsas, cartuchos, de polímeros de etileno, de capacidade inferior ou igual a 1.000 cm3
39232110;Irã;161;161;2025;2025;161.0;;;;Sacos, bolsas, cartuchos, de polímeros de etileno, de capacidade inferior ou igual a 1.000 cm3
39232110;Israel;15;15;2025;2025;15.0;;;;Sacos, bolsas, cartuchos, de polímeros de etileno, de capacidade inferior ou igual a 1.000 cm3
39232110;Itália;2207;2431;2021;2025;4784.0;10.149524241051202;2748.102072340109;0.5744360519105579;Sacos, bolsas, cartuchos, de polímeros de etileno, de capacidade inferior ou igual a 1.000 cm3
39232110;Japão;3055;3984;2021;2025;4418.8;30.409165302782327;927.8742910545589;0.20998331923928643;Sacos, bolsas, cartuchos, de polímeros de etileno, de capacidade inferior ou igual a 1.000 cm3
39232110;Jordânia;190;190;2024;2024;190.0;;;;Sacos, bolsas, cartuchos, de polímeros de etileno, de capacidade inferior ou igual a 1.000 cm3
39232110;Letônia;153;153;2025;2025;153.0;;;;Sacos, bolsas, cartuchos, de polímeros de etileno, de capacidade inferior ou igual a 1.000 cm3
39232110;Libéria;2292;5621;2021;2025;4571.8;145.24432809773126;1377.3640404773168;0.3012739053496034;Sacos, bolsas, cartuchos, de polímeros de etileno, de capacidade inferior ou igual a 1.000 cm3
39232110;Lituânia;2;18;2023;2025;17.0;800.0;14.52583904633395;0.8544611203725853;Sacos, bolsas, cartuchos, de polímeros de etileno, de capacidade inferior ou igual a 1.000 cm3
39232110;Luxemburgo;187;187;2024;2024;187.0;;;;Sacos, bolsas, cartuchos, de polímeros de etileno, de capacidade inferior ou igual a 1.000 cm3
39232110;Líbano;45;5;2023;2025;25.0;-88.88888888888889;28.284271247461902;1.131370849898476;Sacos, bolsas, cartuchos, de polímeros de etileno, de capacidade inferior ou igual a 1.000 cm3
39232110;Líbia;64;64;2022;2022;64.0;;;;Sacos, bolsas, cartuchos, de polímeros de etileno, de capacidade inferior ou igual a 1.000 cm3
39232110;Malta;502;1353;2021;2025;2085.4;169.5219123505976;1748.0008009151484;0.8382088812290919;Sacos, bolsas, cartuchos, de polímeros de etileno, de capacidade inferior ou igual a 1.000 cm3
39232110;Malásia;71;455;2024;2025;263.0;540.8450704225352;271.5290039756342;1.0324296729111568;Sacos, bolsas, cartuchos, de polímeros de etileno, de capacidade inferior ou igual a 1.000 cm3
39232110;Marrocos;161;161;2021;2021;161.0;;;;Sacos, bolsas, cartuchos, de polímeros de etileno, de capacidade inferior ou igual a 1.000 cm3
39232110;Marshall, Ilhas;3104;5798;2021;2025;4480.8;86.79123711340206;1002.0512461945247;0.22363221884362716;Sacos, bolsas, cartuchos, de polímeros de etileno, de capacidade inferior ou igual a 1.000 cm3
39232110;Martinica;60;75;2022;2023;67.5;25.0;10.606601717798213;0.15713484026367724;Sacos, bolsas, cartuchos, de polímeros de etileno, de capacidade inferior ou igual a 1.000 cm3
39232110;Mauritânia;19;19;2021;2021;19.0;;;;Sacos, bolsas, cartuchos, de polímeros de etileno, de capacidade inferior ou igual a 1.000 cm3
39232110;Montenegro;87;240;2021;2025;163.5;175.86206896551724;108.18733752154178;0.6616962539543839;Sacos, bolsas, cartuchos, de polímeros de etileno, de capacidade inferior ou igual a 1.000 cm3
39232110;Moçambique;953;953;2021;2021;953.0;;;;Sacos, bolsas, cartuchos, de polímeros de etileno, de capacidade inferior ou igual a 1.000 cm3
39232110;México;21943;1436;2021;2025;4712.0;-93.4557717723192;9650.853666904291;2.0481438172547306;Sacos, bolsas, cartuchos, de polímeros de etileno, de capacidade inferior ou igual a 1.000 cm3
39232110;Noruega;1082;3309;2021;2025;1385.2;205.82255083179297;1099.5409041959285;0.7937777246577595;Sacos, bolsas, cartuchos, de polímeros de etileno, de capacidade inferior ou igual a 1.000 cm3
39232110;Palau;29;29;2022;2022;29.0;;;;Sacos, bolsas, cartuchos, de polímeros de etileno, de capacidade inferior ou igual a 1.000 cm3
39232110;Panamá;2000;7809;2021;2025;5171.8;290.45;4149.13312632892;0.8022609393883986;Sacos, bolsas, cartuchos, de polímeros de etileno, de capacidade inferior ou igual a 1.000 cm3
39232110;Papua Nova Guiné;337;337;2021;2021;337.0;;;;Sacos, bolsas, cartuchos, de polímeros de etileno, de capacidade inferior ou igual a 1.000 cm3
39232110;Paquistão;47;67;2021;2022;57.0;42.5531914893617;14.142135623730951;0.24810764252159564;Sacos, bolsas, cartuchos, de polímeros de etileno, de capacidade inferior ou igual a 1.000 cm3
39232110;Paraguai;575523;790550;2021;2025;950644.2;37.36201680905889;498753.7603885308;0.5246481916036839;Sacos, bolsas, cartuchos, de polímeros de etileno, de capacidade inferior ou igual a 1.000 cm3
39232110;Países Baixos (Holanda);7722;671;2021;2025;3588.6;-91.31054131054131;3550.681033266717;0.9894334930799523;Sacos, bolsas, cartuchos, de polímeros de etileno, de capacidade inferior ou igual a 1.000 cm3
39232110;Peru;101;9;2021;2025;2972.0;-91.0891089108911;5827.456277542257;1.9607860960774754;Sacos, bolsas, cartuchos, de polímeros de etileno, de capacidade inferior ou igual a 1.000 cm3
39232110;Polônia;1110;60000;2021;2024;30555.0;5305.405405405406;41641.51834407578;1.3628381064989619;Sacos, bolsas, cartuchos, de polímeros de etileno, de capacidade inferior ou igual a 1.000 cm3
39232110;Porto Rico;39789;39789;2024;2024;39789.0;;;;Sacos, bolsas, cartuchos, de polímeros de etileno, de capacidade inferior ou igual a 1.000 cm3
39232110;Portugal;3080;2094;2021;2025;2719.0;-32.01298701298702;1676.886698617411;0.616729201403976;Sacos, bolsas, cartuchos, de polímeros de etileno, de capacidade inferior ou igual a 1.000 cm3
39232110;Quênia;3360;3360;2025;2025;3360.0;;;;Sacos, bolsas, cartuchos, de polímeros de etileno, de capacidade inferior ou igual a 1.000 cm3
39232110;Reino Unido;54;88;2021;2024;430.25;62.96296296296296;643.0201526131717;1.4945267928255008;Sacos, bolsas, cartuchos, de polímeros de etileno, de capacidade inferior ou igual a 1.000 cm3
39232110;República Dominicana;245;223;2023;2025;234.0;-8.979591836734693;15.556349186104045;0.06648012472694036;Sacos, bolsas, cartuchos, de polímeros de etileno, de capacidade inferior ou igual a 1.000 cm3
39232110;Ruanda;7;7;2024;2024;7.0;;;;Sacos, bolsas, cartuchos, de polímeros de etileno, de capacidade inferior ou igual a 1.000 cm3
39232110;San Marino;20;20;2025;2025;20.0;;;;Sacos, bolsas, cartuchos, de polímeros de etileno, de capacidade inferior ou igual a 1.000 cm3
39232110;Senegal;2482;2482;2021;2021;2482.0;;;;Sacos, bolsas, cartuchos, de polímeros de etileno, de capacidade inferior ou igual a 1.000 cm3
39232110;Singapura;1648;1324;2021;2025;1338.8;-19.66019417475728;551.0042649562706;0.41156577902320785;Sacos, bolsas, cartuchos, de polímeros de etileno, de capacidade inferior ou igual a 1.000 cm3
39232110;Sudão;14;14;2022;2022;14.0;;;;Sacos, bolsas, cartuchos, de polímeros de etileno, de capacidade inferior ou igual a 1.000 cm3
39232110;Suriname;66;66;2025;2025;66.0;;;;Sacos, bolsas, cartuchos, de polímeros de etileno, de capacidade inferior ou igual a 1.000 cm3
39232110;Suécia;22;22;2021;2021;22.0;;;;Sacos, bolsas, cartuchos, de polímeros de etileno, de capacidade inferior ou igual a 1.000 cm3
39232110;Suíça;478;131;2021;2025;181.25;-72.59414225941423;202.10125350097823;1.1150413986260868;Sacos, bolsas, cartuchos, de polímeros de etileno, de capacidade inferior ou igual a 1.000 cm3
39232110;São Vicente e Granadinas;68;14;2022;2024;36.666666666666664;-79.41176470588235;28.0237994093116;0.764285438435771;Sacos, bolsas, cartuchos, de polímeros de etileno, de capacidade inferior ou igual a 1.000 cm3
39232110;Tailândia;742;389;2021;2025;545.4;-47.57412398921833;178.71569600905232;0.32767821050431306;Sacos, bolsas, cartuchos, de polímeros de etileno, de capacidade inferior ou igual a 1.000 cm3
39232110;Taiwan (Formosa);1;78;2021;2025;39.5;7700.0;54.44722215136416;1.3784106873763078;Sacos, bolsas, cartuchos, de polímeros de etileno, de capacidade inferior ou igual a 1.000 cm3
39232110;Tanzânia;7;772;2024;2025;389.5;10928.57142857143;540.9366876077089;1.3887976575294194;Sacos, bolsas, cartuchos, de polímeros de etileno, de capacidade inferior ou igual a 1.000 cm3
39232110;Turquia;26;60073;2021;2025;50240.8;230950.0;36365.39974618731;0.7238220678450046;Sacos, bolsas, cartuchos, de polímeros de etileno, de capacidade inferior ou igual a 1.000 cm3
39232110;Uruguai;126100;287784;2021;2025;182131.4;128.21887390959557;80304.4130842135;0.44091470819536616;Sacos, bolsas, cartuchos, de polímeros de etileno, de capacidade inferior ou igual a 1.000 cm3
39232110;Venezuela;1;446;2021;2025;1291.25;44500.0;1273.8433642589919;0.9865195463767604;Sacos, bolsas, cartuchos, de polímeros de etileno, de capacidade inferior ou igual a 1.000 cm3
39232110;Vietnã;131;179;2021;2024;112.33333333333333;36.6412213740458;77.70027884977848;0.6916938770009955;Sacos, bolsas, cartuchos, de polímeros de etileno, de capacidade inferior ou igual a 1.000 cm3
39232110;África do Sul;23;530;2023;2025;191.0;2204.3478260869565;293.58644382872995;1.5371018001504186;Sacos, bolsas, cartuchos, de polímeros de etileno, de capacidade inferior ou igual a 1.000 cm3
39232110;Índia;360;11;2022;2025;147.33333333333334;-96.94444444444444;186.6020721571262;1.266529901518956;Sacos, bolsas, cartuchos, de polímeros de etileno, de capacidade inferior ou igual a 1.000 cm3
39232190;Alemanha;193288;182582;2021;2025;215485.0;-5.538884979926328;53349.161310183685;0.24757714602029693;Outros sacos, bolsas e cartuchos, de polímeros de etileno
39232190;Angola;24731;52964;2021;2025;23447.8;114.16036553313656;18548.64038683159;0.7910610115589348;Outros sacos, bolsas e cartuchos, de polímeros de etileno
39232190;Antígua e Barbuda;229;1742;2021;2025;660.2;660.6986899563319;623.8290631254687;0.9449092140646299;Outros sacos, bolsas e cartuchos, de polímeros de etileno
39232190;Argentina;11598955;12015276;2021;2025;12846017.8;3.589297484126803;1543311.5627813784;0.12013929817078241;Outros sacos, bolsas e cartuchos, de polímeros de etileno
39232190;Argélia;576;120;2021;2024;566.6666666666666;-79.16666666666666;442.0739003077803;0.7801304123078476;Outros sacos, bolsas e cartuchos, de polímeros de etileno
39232190;Armênia;80;80;2024;2024;80.0;;;;Outros sacos, bolsas e cartuchos, de polímeros de etileno
39232190;Aruba;0;31871;2021;2025;23890.5;inf;15942.100666683382;0.6672987449690623;Outros sacos, bolsas e cartuchos, de polímeros de etileno
39232190;Arábia Saudita;144;923;2021;2025;1021.6;540.9722222222223;982.7864976687459;0.9620071433719126;Outros sacos, bolsas e cartuchos, de polímeros de etileno
39232190;Austrália;540;2;2021;2025;841.4;-99.62962962962963;1341.252698040157;1.594072614737529;Outros sacos, bolsas e cartuchos, de polímeros de etileno
39232190;Azerbaijão;0;63;2023;2025;21.333333333333332;inf;36.08785575970583;1.6916182387362109;Outros sacos, bolsas e cartuchos, de polímeros de etileno
39232190;Bahamas;2642;15761;2021;2025;7975.6;496.55563966691903;5734.150704332769;0.7189616711385688;Outros sacos, bolsas e cartuchos, de polímeros de etileno
39232190;Bangladesh;73;796;2021;2025;441.6;990.4109589041095;260.3368971160254;0.589531017019985;Outros sacos, bolsas e cartuchos, de polímeros de etileno
39232190;Barbados;4555;2523;2021;2025;43450.0;-44.61031833150384;47011.10468814788;1.081958680970032;Outros sacos, bolsas e cartuchos, de polímeros de etileno
39232190;Barein;255;387;2021;2025;456.4;51.76470588235295;243.6058291584994;0.5337551033271241;Outros sacos, bolsas e cartuchos, de polímeros de etileno
39232190;Belize;137;129;2021;2025;382.4;-5.839416058394161;364.44176489529843;0.9530380881153202;Outros sacos, bolsas e cartuchos, de polímeros de etileno
39232190;Bermudas;439;277;2021;2025;476.0;-36.90205011389522;435.25165134666634;0.9143942255182066;Outros sacos, bolsas e cartuchos, de polímeros de etileno
39232190;Bolívia;395305;1425882;2021;2025;967845.8;260.70426632600146;440285.2785413112;0.4549126302364604;Outros sacos, bolsas e cartuchos, de polímeros de etileno
39232190;Brasil;50;1482;2024;2025;766.0;2864.0;1012.576910659136;1.3219019721398644;Outros sacos, bolsas e cartuchos, de polímeros de etileno
39232190;Brunei;404;750;2021;2022;577.0;85.64356435643565;244.65894629054543;0.42401897104080666;Outros sacos, bolsas e cartuchos, de polímeros de etileno
39232190;Bulgária;46;46;2024;2024;46.0;;;;Outros sacos, bolsas e cartuchos, de polímeros de etileno
39232190;Bélgica;36699;593;2021;2025;10698.8;-98.38415215673452;15787.734295965332;1.4756546805216784;Outros sacos, bolsas e cartuchos, de polímeros de etileno
39232190;Cabo Verde;2806;515;2021;2025;1118.3333333333333;-81.6464718460442;1481.2171796645262;1.3244863007432426;Outros sacos, bolsas e cartuchos, de polímeros de etileno
39232190;Camarões;67;480;2023;2025;273.5;616.4179104477612;292.03510063004416;1.0677700205851706;Outros sacos, bolsas e cartuchos, de polímeros de etileno
39232190;Camboja;630;630;2023;2023;630.0;;;;Outros sacos, bolsas e cartuchos, de polímeros de etileno
39232190;Canadá;15895;168949;2021;2025;59484.2;962.9065743944636;67575.73914653099;1.136028376384502;Outros sacos, bolsas e cartuchos, de polímeros de etileno
39232190;Catar;941;6177;2021;2025;3400.8;556.4293304994686;2001.2422891793988;0.5884622115912135;Outros sacos, bolsas e cartuchos, de polímeros de etileno
39232190;Cayman, Ilhas;67;403;2021;2025;338.4;501.4925373134329;343.48551643409945;1.0150281218501758;Outros sacos, bolsas e cartuchos, de polímeros de etileno
39232190;Cazaquistão;111;111;2023;2023;111.0;;;;Outros sacos, bolsas e cartuchos, de polímeros de etileno
39232190;Chile;9227898;16896677;2021;2025;12941106.4;83.10428875568412;3101169.032113019;0.23963708637099365;Outros sacos, bolsas e cartuchos, de polímeros de etileno
39232190;China;9378;11364;2021;2025;4731.2;21.177223288547665;5205.1611598489435;1.1001777899579268;Outros sacos, bolsas e cartuchos, de polímeros de etileno
39232190;Chipre;24949;72994;2021;2025;49076.8;192.57284861116676;24284.533775635886;0.4948271642738704;Outros sacos, bolsas e cartuchos, de polímeros de etileno
39232190;Colômbia;5927552;11749984;2021;2025;8279417.2;98.2265866246302;2248316.871780132;0.27155496787625727;Outros sacos, bolsas e cartuchos, de polímeros de etileno
39232190;Congo;48;6964;2021;2025;3008.25;14408.333333333334;3485.2523940168235;1.158564744956976;Outros sacos, bolsas e cartuchos, de polímeros de etileno
39232190;Cook, Ilhas;15;469;2022;2024;163.66666666666666;3026.6666666666665;264.4566757208699;1.6158249025715066;Outros sacos, bolsas e cartuchos, de polímeros de etileno
39232190;Coreia do Sul;414;109;2021;2025;1048.6;-73.67149758454107;1938.4526819089497;1.8486102249751573;Outros sacos, bolsas e cartuchos, de polímeros de etileno
39232190;Costa Rica;2923189;3540892;2021;2025;3812946.4;21.13113452465783;835060.9280922561;0.21900673140651966;Outros sacos, bolsas e cartuchos, de polímeros de etileno
39232190;Coveite (Kuweit);4;600;2021;2025;278.2;14900.0;378.2197773781799;1.3595247209855497;Outros sacos, bolsas e cartuchos, de polímeros de etileno
39232190;Croácia;52;292;2022;2024;129.0;461.5384615384615;141.23384863410047;1.0948360359232594;Outros sacos, bolsas e cartuchos, de polímeros de etileno
39232190;Cuba;3591;1285;2021;2025;7454.6;-64.21609579504316;12009.129456376095;1.61096899315538;Outros sacos, bolsas e cartuchos, de polímeros de etileno
39232190;Curaçao;45;37208;2021;2025;20591.2;82584.44444444444;17609.92293282398;0.8552159627813815;Outros sacos, bolsas e cartuchos, de polímeros de etileno
39232190;Dinamarca;91186;219646;2021;2025;156168.2;140.87688899611783;54992.01123072332;0.35213322066030933;Outros sacos, bolsas e cartuchos, de polímeros de etileno
39232190;Egito;177;105;2022;2025;141.0;-40.67796610169492;50.91168824543142;0.3610758031590881;Outros sacos, bolsas e cartuchos, de polímeros de etileno
39232190;El Salvador;16;36296;2021;2025;37477.6;226750.0;63139.860732345616;1.684735968481056;Outros sacos, bolsas e cartuchos, de polímeros de etileno
39232190;Emirados Árabes Unidos;187;3949;2021;2025;1859.0;2011.764705882353;2002.7784450607612;1.0773418209041212;Outros sacos, bolsas e cartuchos, de polímeros de etileno
39232190;Equador;917099;2118815;2021;2025;1449185.8;131.03449027858497;495011.44917435996;0.34157900882989606;Outros sacos, bolsas e cartuchos, de polímeros de etileno
39232190;Espanha;3822;75890;2021;2025;103580.6;1885.6096284667715;108710.27685458261;1.049523529064155;Outros sacos, bolsas e cartuchos, de polímeros de etileno
39232190;Estados Unidos;11979247;8562318;2021;2025;10739190.4;-28.523737760812512;2873682.4288642784;0.26758836763563465;Outros sacos, bolsas e cartuchos, de polímeros de etileno
39232190;Estônia;350;47;2021;2025;739.25;-86.57142857142858;866.476918330777;1.1721026964231005;Outros sacos, bolsas e cartuchos, de polímeros de etileno
39232190;Filipinas;5120;578;2021;2025;1575.6;-88.7109375;2072.108418978119;1.315123393613937;Outros sacos, bolsas e cartuchos, de polímeros de etileno
39232190;Finlândia;211;40;2023;2024;125.5;-81.04265402843602;120.91525958289962;0.9634682038478057;Outros sacos, bolsas e cartuchos, de polímeros de etileno
39232190;França;32519;71258;2021;2025;54157.0;119.12727943663704;17346.008474574202;0.3202911622610965;Outros sacos, bolsas e cartuchos, de polímeros de etileno
39232190;Gabão;312;1021;2023;2024;666.5;227.24358974358972;501.3387078612622;0.7521961108195983;Outros sacos, bolsas e cartuchos, de polímeros de etileno
39232190;Gana;3708;20459;2021;2025;7486.0;451.7529665587918;8954.798527419065;1.1962060549584645;Outros sacos, bolsas e cartuchos, de polímeros de etileno
39232190;Geórgia;34;772;2023;2025;284.3333333333333;2170.5882352941176;422.38173887294573;1.4855160804441234;Outros sacos, bolsas e cartuchos, de polímeros de etileno
39232190;Gibraltar;473;1853;2021;2025;648.75;291.75475687103597;822.1663963780893;1.2673085107947426;Outros sacos, bolsas e cartuchos, de polímeros de etileno
39232190;Granada;68;107;2021;2024;82.66666666666667;57.35294117647059;21.221058723196006;0.2567063555225323;Outros sacos, bolsas e cartuchos, de polímeros de etileno
39232190;Grécia;14649;4052;2021;2025;7594.4;-72.33940883336747;4228.311637048528;0.5567670437491478;Outros sacos, bolsas e cartuchos, de polímeros de etileno
39232190;Guadalupe;24;1433;2021;2025;935.6666666666666;5870.833333333334;790.61642617222;0.8449765865752263;Outros sacos, bolsas e cartuchos, de polímeros de etileno
39232190;Guatemala;533106;162970;2021;2025;429494.2;-69.43009457781379;231317.92212710195;0.5385821790541105;Outros sacos, bolsas e cartuchos, de polímeros de etileno
39232190;Guiana;4384;7013;2021;2025;20053.2;59.96806569343066;33383.00116376597;1.6647218979397786;Outros sacos, bolsas e cartuchos, de polímeros de etileno
39232190;Guiana Francesa;976;1376;2021;2025;2428.6;40.98360655737705;2930.292784006404;1.2065769513326212;Outros sacos, bolsas e cartuchos, de polímeros de etileno
39232190;Guiné Equatorial;600;600;2024;2024;600.0;;;;Outros sacos, bolsas e cartuchos, de polímeros de etileno
39232190;Guiné-Bissau;60;164;2022;2024;75.0;173.33333333333334;82.52878285786117;1.100383771438149;Outros sacos, bolsas e cartuchos, de polímeros de etileno
39232190;Gâmbia;5;5;2025;2025;5.0;;;;Outros sacos, bolsas e cartuchos, de polímeros de etileno
39232190;Honduras;478;1046;2021;2025;382.0;118.82845188284519;411.5167068297471;1.0772688660464582;Outros sacos, bolsas e cartuchos, de polímeros de etileno
39232190;Hong Kong;6335;4834;2021;2025;4789.0;-23.693764798737174;1262.0396190294505;0.2635288408915119;Outros sacos, bolsas e cartuchos, de polímeros de etileno
39232190;Hungria;291;75;2023;2025;208.66666666666666;-74.22680412371135;116.7918376143356;0.5597052920814806;Outros sacos, bolsas e cartuchos, de polímeros de etileno
39232190;Ilha de Man;596;181;2021;2025;293.0;-69.63087248322147;210.63871122532692;0.7189034512809792;Outros sacos, bolsas e cartuchos, de polímeros de etileno
39232190;Indonésia;11;62;2021;2025;1096.5;463.6363636363637;1978.4105573245747;1.8042959939120609;Outros sacos, bolsas e cartuchos, de polímeros de etileno
39232190;Iraque;17084;2200;2021;2024;9642.0;-87.12245375790214;10524.577331180573;1.0915346744638637;Outros sacos, bolsas e cartuchos, de polímeros de etileno
39232190;Irlanda;362;73;2021;2025;314.2;-79.8342541436464;225.94401961547908;0.7191089102975146;Outros sacos, bolsas e cartuchos, de polímeros de etileno
39232190;Israel;33057;33999;2021;2025;69101.6;2.8496233778019784;43908.56146356881;0.6354203298269332;Outros sacos, bolsas e cartuchos, de polímeros de etileno
39232190;Itália;4335;2839;2021;2025;9118.6;-34.509803921568626;8081.099634331951;0.886221528999183;Outros sacos, bolsas e cartuchos, de polímeros de etileno
39232190;Jamaica;33068;1664;2022;2025;11612.333333333334;-94.96794484093384;18597.49564681582;1.601529607613958;Outros sacos, bolsas e cartuchos, de polímeros de etileno
39232190;Japão;1758;1576;2021;2025;4374.4;-10.352673492605232;4084.683255773941;0.9337699469124774;Outros sacos, bolsas e cartuchos, de polímeros de etileno
39232190;Jordânia;422;132;2022;2025;141.0;-68.72037914691943;196.68248523953525;1.3949112428335833;Outros sacos, bolsas e cartuchos, de polímeros de etileno
39232190;Letônia;105;66;2021;2025;58.666666666666664;-37.142857142857146;50.40171954738582;0.8591202195577128;Outros sacos, bolsas e cartuchos, de polímeros de etileno
39232190;Libéria;12249;32019;2021;2025;23362.2;161.40093068821946;7482.122005153351;0.3202661566613312;Outros sacos, bolsas e cartuchos, de polímeros de etileno
39232190;Lituânia;297;12;2022;2025;187.5;-95.95959595959596;157.065803619587;0.8376842859711306;Outros sacos, bolsas e cartuchos, de polímeros de etileno
39232190;Luxemburgo;671;42;2022;2025;197.25;-93.74068554396423;316.0172727346824;1.6021154511264002;Outros sacos, bolsas e cartuchos, de polímeros de etileno
39232190;Líbano;1382;306;2022;2025;1899.0;-77.85817655571635;2733.2761782642215;1.4393239485330287;Outros sacos, bolsas e cartuchos, de polímeros de etileno
39232190;Líbia;132;24;2021;2025;389.4;-81.81818181818183;547.2164105726363;1.4052809721947517;Outros sacos, bolsas e cartuchos, de polímeros de etileno
39232190;Malta;6631;9557;2021;2025;7317.6;44.126074498567334;1382.7612953796472;0.1889637716436601;Outros sacos, bolsas e cartuchos, de polímeros de etileno
39232190;Malásia;2369;255;2023;2025;1159.0;-89.23596454200084;1089.7137238743028;0.9402189161987082;Outros sacos, bolsas e cartuchos, de polímeros de etileno
39232190;Marrocos;8;0;2021;2025;28.5;-100.0;42.720018726587654;1.4989480254943037;Outros sacos, bolsas e cartuchos, de polímeros de etileno
39232190;Marshall, Ilhas;21249;32720;2021;2025;24778.6;53.98371688079438;5531.771669185199;0.22324795061808173;Outros sacos, bolsas e cartuchos, de polímeros de etileno
39232190;Martinica;305;2176;2023;2025;1240.5;613.4426229508197;1322.9967876000305;1.06650285175335;Outros sacos, bolsas e cartuchos, de polímeros de etileno
39232190;Maurício;1150;69;2023;2024;609.5;-94.0;764.3824304626579;1.254113913802556;Outros sacos, bolsas e cartuchos, de polímeros de etileno
39232190;Mianmar;10984;43378;2021;2025;22052.6;294.9198834668609;13927.198490723107;0.6315445113375796;Outros sacos, bolsas e cartuchos, de polímeros de etileno
39232190;Moldávia;41;41;2023;2023;41.0;;;;Outros sacos, bolsas e cartuchos, de polímeros de etileno
39232190;Montenegro;53;13;2021;2024;33.0;-75.47169811320755;28.284271247461902;0.8570991287109667;Outros sacos, bolsas e cartuchos, de polímeros de etileno
39232190;Moçambique;17862;1400;2021;2025;17436.6;-92.16213190012317;9794.333300434491;0.561711187985874;Outros sacos, bolsas e cartuchos, de polímeros de etileno
39232190;México;4961836;5757750;2021;2025;4261879.8;16.040715573831946;1108799.517144195;0.26016677362514895;Outros sacos, bolsas e cartuchos, de polímeros de etileno
39232190;Namíbia;1811;1811;2022;2022;1811.0;;;;Outros sacos, bolsas e cartuchos, de polímeros de etileno
39232190;Nepal;173;10;2021;2025;63.0;-94.21965317919076;95.28378665859161;1.5124410580728826;Outros sacos, bolsas e cartuchos, de polímeros de etileno
39232190;Nicarágua;85;6276;2021;2025;4322.8;7283.529411764705;4705.354896285719;1.0884970149638473;Outros sacos, bolsas e cartuchos, de polímeros de etileno
39232190;Nigéria;1946035;992760;2021;2025;1585346.2;-48.98550128851742;565514.385701814;0.35671349620784026;Outros sacos, bolsas e cartuchos, de polímeros de etileno
39232190;Noruega;1951;11854;2021;2025;7389.0;507.58585340850846;4952.7171835266345;0.6702824717183157;Outros sacos, bolsas e cartuchos, de polímeros de etileno
39232190;Nova Caledônia;427;52;2021;2024;130.25;-87.82201405152225;198.5402981764659;1.5243017134469552;Outros sacos, bolsas e cartuchos, de polímeros de etileno
39232190;Nova Zelândia;137;45;2021;2025;74.8;-67.15328467153284;54.38014343489726;0.7270072651724233;Outros sacos, bolsas e cartuchos, de polímeros de etileno
39232190;Omã;7;0;2021;2025;3.25;-100.0;3.774917217635375;1.1615129900416539;Outros sacos, bolsas e cartuchos, de polímeros de etileno
39232190;Palau;31;337;2023;2025;127.66666666666667;987.0967741935484;181.4644134075145;1.4213922721215235;Outros sacos, bolsas e cartuchos, de polímeros de etileno
39232190;Palestina;8;37;2023;2025;22.5;362.5;20.506096654409877;0.9113820735293279;Outros sacos, bolsas e cartuchos, de polímeros de etileno
39232190;Panamá;33836;39847;2021;2025;38832.2;17.76510225795011;13423.501730174581;0.34567966095597424;Outros sacos, bolsas e cartuchos, de polímeros de etileno
39232190;Paquistão;100;216;2022;2023;158.0;115.99999999999999;82.02438661763951;0.5191416874534146;Outros sacos, bolsas e cartuchos, de polímeros de etileno
39232190;Paraguai;2045972;4839285;2021;2025;3011806.6;136.5274304829196;1205991.0916148177;0.40042115971683495;Outros sacos, bolsas e cartuchos, de polímeros de etileno
39232190;Países Baixos (Holanda);92708;2764;2021;2025;95762.6;-97.01859602191828;83035.48895683099;0.8670972692557531;Outros sacos, bolsas e cartuchos, de polímeros de etileno
39232190;Peru;712989;906676;2021;2025;770765.2;27.165496241877506;175878.09090588856;0.2281863411916996;Outros sacos, bolsas e cartuchos, de polímeros de etileno
39232190;Polinésia Francesa;6;26;2022;2023;16.0;333.33333333333337;14.142135623730951;0.8838834764831844;Outros sacos, bolsas e cartuchos, de polímeros de etileno
39232190;Polônia;12135;2952;2021;2025;3055.2;-75.67367119901112;5227.901940549383;1.7111488414995362;Outros sacos, bolsas e cartuchos, de polímeros de etileno
39232190;Porto Rico;211235;30;2021;2025;69011.6;-99.98579780812838;92837.63146106216;1.345246762298833;Outros sacos, bolsas e cartuchos, de polímeros de etileno
39232190;Portugal;341842;300249;2021;2025;293620.8;-12.167317064608795;42502.18904009533;0.14475196934309603;Outros sacos, bolsas e cartuchos, de polímeros de etileno
39232190;Reino Unido;395407;452699;2021;2025;435014.8;14.48937423970744;92650.56929506693;0.21298256816794953;Outros sacos, bolsas e cartuchos, de polímeros de etileno
39232190;República Dominicana;383111;438462;2021;2025;464686.0;14.447771011534517;71452.64412532261;0.1537654332717633;Outros sacos, bolsas e cartuchos, de polímeros de etileno
39232190;Romênia;65;433;2024;2025;249.0;566.1538461538462;260.2152954766495;1.0450413472957811;Outros sacos, bolsas e cartuchos, de polímeros de etileno
39232190;Ruanda;6;80;2023;2024;43.0;1233.3333333333335;52.32590180780452;1.2168814373908028;Outros sacos, bolsas e cartuchos, de polímeros de etileno
39232190;Rússia;89;17186;2021;2024;5770.333333333333;19210.11235955056;9886.2928508786;1.7132966641231473;Outros sacos, bolsas e cartuchos, de polímeros de etileno
39232190;San Marino;520;265;2024;2025;392.5;-49.03846153846153;180.31222920256963;0.45939421452883983;Outros sacos, bolsas e cartuchos, de polímeros de etileno
39232190;Senegal;20;149;2024;2025;84.5;645.0;91.21677477306463;1.0794884588528357;Outros sacos, bolsas e cartuchos, de polímeros de etileno
39232190;Serra Leoa;150;45;2022;2024;97.5;-70.0;74.24621202458749;0.7614996105085897;Outros sacos, bolsas e cartuchos, de polímeros de etileno
39232190;Singapura;108190;65090;2021;2025;127040.4;-39.837323227655055;108811.0707203086;0.8565076205703746;Outros sacos, bolsas e cartuchos, de polímeros de etileno
39232190;Sri Lanka;164;164;2023;2023;164.0;;;;Outros sacos, bolsas e cartuchos, de polímeros de etileno
39232190;Suriname;3368;7104;2021;2025;4685.4;110.92636579572445;2693.0814692467065;0.5747815489065409;Outros sacos, bolsas e cartuchos, de polímeros de etileno
39232190;Suécia;31042;45776;2021;2025;19220.25;47.46472521100444;22959.227373396807;1.194533233095137;Outros sacos, bolsas e cartuchos, de polímeros de etileno
39232190;Suíça;2275;288;2021;2025;558.8;-87.34065934065934;963.7544811828374;1.7246859004703605;Outros sacos, bolsas e cartuchos, de polímeros de etileno
39232190;São Cristóvão e Névis;94;360;2024;2025;227.0;282.97872340425533;188.09040379562165;0.8285920872053817;Outros sacos, bolsas e cartuchos, de polímeros de etileno
39232190;São Vicente e Granadinas;15;157;2021;2025;938.25;946.6666666666666;1458.509141783714;1.55449948498131;Outros sacos, bolsas e cartuchos, de polímeros de etileno
39232190;Sérvia;240;0;2021;2025;654.8;-100.0;671.4039022823742;1.0253572117934855;Outros sacos, bolsas e cartuchos, de polímeros de etileno
39232190;Tailândia;95109;65124;2021;2025;91903.0;-31.526984827934264;32860.17558534951;0.3575528066042405;Outros sacos, bolsas e cartuchos, de polímeros de etileno
39232190;Tanzânia;10;1106;2024;2025;558.0;10960.0;774.9890321804561;1.3888692332983084;Outros sacos, bolsas e cartuchos, de polímeros de etileno
39232190;Togo;260;260;2022;2022;260.0;;;;Outros sacos, bolsas e cartuchos, de polímeros de etileno
39232190;Trinidad e Tobago;12;26;2021;2025;129.75;116.66666666666667;228.96342502679332;1.7646506745802952;Outros sacos, bolsas e cartuchos, de polímeros de etileno
39232190;Tunísia;43;29;2021;2024;57.5;-32.55813953488372;54.49464805526013;0.9477330096566979;Outros sacos, bolsas e cartuchos, de polímeros de etileno
39232190;Turquia;1434;12255;2021;2025;13899.8;754.6025104602511;14854.28800717153;1.0686691900006857;Outros sacos, bolsas e cartuchos, de polímeros de etileno
39232190;Ucrânia;1185;1664;2021;2025;736.0;40.42194092827005;818.7311320981185;1.112406429481139;Outros sacos, bolsas e cartuchos, de polímeros de etileno
39232190;Uganda;1310;30186;2021;2024;15748.0;2204.2748091603053;20418.415413542745;1.2965719719039082;Outros sacos, bolsas e cartuchos, de polímeros de etileno
39232190;Uruguai;8641558;7934598;2021;2025;7656126.4;-8.180932188385475;765119.2881102266;0.09993556116187248;Outros sacos, bolsas e cartuchos, de polímeros de etileno
39232190;Uzbequistão;65;65;2021;2021;65.0;;;;Outros sacos, bolsas e cartuchos, de polímeros de etileno
39232190;Vanuatu;34;42;2021;2024;39.0;23.52941176470588;4.358898943540674;0.111766639577966;Outros sacos, bolsas e cartuchos, de polímeros de etileno
39232190;Venezuela;35234;98617;2021;2025;132500.2;179.89158199466425;79409.96695440692;0.599319600682919;Outros sacos, bolsas e cartuchos, de polímeros de etileno
39232190;Vietnã;6982;3075;2021;2024;5766.0;-55.95817817244343;2738.225337695932;0.47489166453276654;Outros sacos, bolsas e cartuchos, de polímeros de etileno
39232190;África do Sul;25060;160;2021;2025;7729.4;-99.36153232242619;10056.43757997831;1.3010631588452286;Outros sacos, bolsas e cartuchos, de polímeros de etileno
39232190;Áustria;11;1;2021;2024;6.0;-90.9090909090909;7.0710678118654755;1.1785113019775793;Outros sacos, bolsas e cartuchos, de polímeros de etileno
39232190;Índia;378;222;2021;2025;3215.4;-41.269841269841265;4000.4380760111762;1.24414942962343;Outros sacos, bolsas e cartuchos, de polímeros de etileno
