NO_PAIS;valor_inicial;valor_final;ano_inicial;ano_final;volume_medio_usd;crescimento_pct;desvio_padrao_usd;coef_variacao;crescimento_pct_ajustado;score_crescimento;score_volume;score_estabilidade;IPM
Chile;37801352;43816308;2021;2025;40084866.0;15.912012882502191;3819396.365591361;0.0952827524879679;15.912012882502191;56.503814445945075;97.7115455138278;97.53612757127503;91.49530226513485
Argentina;34196260;31244890;2021;2025;41011420.4;-8.630680665078579;8976426.752801321;0.2188762706887694;-8.630680665078579;43.19525994602556;100.0;86.76340329715013;88.83196965133385
Colômbia;22407575;23405061;2021;2025;24084447.8;4.451557118519072;2311959.875396349;0.0959938917676306;4.451557118519072;50.28925206169852;58.19284179775745;97.47414286939237;64.8635635516756
Uruguai;20963293;23143084;2021;2025;21581565.4;10.398132583463868;1446292.6952015285;0.0670151895099105;10.398132583463868;53.513850189433484;52.011086623272874;100.0;61.834283833542386
Estados Unidos;27469655;16326499;2021;2025;23021362.4;-40.56532926969778;4781478.976289742;0.2076974808532505;-40.56532926969778;25.87833380805292;55.56717561688974;87.73777495004524;57.54796921219532
Espanha;15239251;21396221;2021;2025;18162032.0;40.40205125566867;3972405.001992432;0.2187202952837233;40.40205125566867;69.78381607912091;43.56533691894286;86.77699850874833;56.14044111093067
Paraguai;12825550;16570817;2021;2025;15103781.2;29.201609287710856;1616668.0480835263;0.1070373058690446;29.201609287710856;63.71024913078382;36.01190264341653;96.51157090856971;52.26658826955226
México;18058413;12178073;2021;2025;16020044.6;-32.562883571219686;3547991.828094351;0.2214720318627796;-32.562883571219686;30.217750934554104;38.2749398576863;86.53715017468737;46.71880358261669
Bolívia;3293954;5802627;2021;2025;5484711.4;76.1599281592882;1353576.531678686;0.2467908396563374;76.1599281592882;89.17393121259792;12.254200519705783;84.33029872098552;38.20737976389555
Peru;6156361;5224139;2021;2025;6614394.4;-15.142419361047866;1248602.6409377805;0.1887705155498106;-15.142419361047866;39.6641956332788;15.044353077723391;89.38749721321942;33.60595828815591
Equador;1685862;2916733;2021;2025;2132396.4;73.0113734101605;575503.8064941883;0.2698859398253478;73.0113734101605;87.46659161706779;3.974470478153592;82.31727125946585;32.166848805253174
Costa Rica;4435330;4050272;2021;2025;5547543.2;-8.681608809265601;1365883.8973313947;0.2462141975444904;-8.681608809265601;43.167643581050015;12.409385919056618;84.3805603088601;31.417359446316322
Portugal;363692;754685;2021;2025;689106.4;107.5066264861476;215271.5625165108;0.3123923424837017;96.12459739333951;100.0;0.40975428302519296;78.61230547817455;30.988801379601284
Israel;438796;810643;2021;2025;568133.4;84.74256830053145;175225.12010068647;0.308422493908449;84.74256830053145;93.82796536950455;0.11096858349615318;78.95832754093145;29.937989892884474
Venezuela;412947;1711772;2021;2025;927748.0;314.5258350345202;498284.56835778087;0.5370904258028913;96.12459739333951;100.0;0.9991642951165629;59.02705107519506;27.45486700686478
Dinamarca;259461;1594319;2021;2025;1212459.8;514.4734661471281;685623.478656252;0.5654814111414267;96.12459739333951;100.0;1.7023609946046478;56.55242084073686;27.417018814640393
China;717942;769225;2021;2025;736172.4;7.143056124310878;151433.34243752266;0.2057036401222358;7.143056124310878;51.74874798604014;0.526000451459751;87.9115631612267;25.686525123600198
Rússia;1921108;3313271;2021;2025;1576543.8;72.46667027569507;1076605.3298094897;0.6828895777012283;72.46667027569507;87.17122015194084;2.601595473598563;46.3188274914129;24.030485578912774
Trinidad e Tobago;1296507;922856;2021;2025;1357563.4;-28.81982125819606;298960.40750289994;0.2202183761752121;-28.81982125819606;32.247469013089145;2.0607457633562034;86.64642198160293;23.50588949446549
Alemanha;5311621;3498058;2021;2025;4563594.2;-34.1433057817943;2250686.8677343144;0.4931829538512242;-34.1433057817943;29.360749029627144;9.979175126020989;62.85413760687465;23.461403707732643
Guatemala;542252;479051;2021;2025;525863.6;-11.655282045986;136524.14483269985;0.2596189293814971;-11.655282045986;41.55513547312285;0.006568330861659363;83.21216990982606;22.879973717993717
Nigéria;1947282;992760;2021;2025;1585692.0;-49.01816994148767;565772.761807689;0.3567986480399024;-49.01816994148767;21.29468488860735;2.6241901958624694;74.74173934531089;19.848274229663886
República Dominicana;1330854;695292;2021;2025;983676.0;-47.75595219310308;309547.196739851;0.314684099988056;-47.75595219310308;21.97913680756952;1.137298313478182;78.41255008600702;19.71862444209765
Áustria;371339;387325;2021;2025;619471.8;4.304961234882413;513675.32311441633;0.8292150233705816;4.304961234882413;50.20975877775802;0.23776695798220926;33.56473080874267;14.398958501100672
Canadá;1443926;169108;2021;2025;627700.6;-88.28831948451652;571782.0075039963;0.910915183933226;-88.28831948451652;0.0;0.25809089608645186;26.443537758285473;5.456466634113289
Itália;153991;32840;2021;2025;523204.2;-78.67407835522854;635325.3492602826;1.2142971124090414;-78.67407835522854;5.213431516652311;0.0;0.0;0.7820147274978466
