cenario;NCM;n_paises;primeiro;primeiro_igual_base;top3_em_comum;spearman
BASE (0,15/0,65/0,20);39201099;11;Chile;True;3;1.0
BASE (0,15/0,65/0,20);39232110;4;Paraguai;True;3;1.0
BASE (0,15/0,65/0,20);39232190;10;Argentina;True;3;1.0
Pesos 0,10/0,65/0,25;39201099;11;Chile;True;3;0.991
Pesos 0,10/0,65/0,25;39232110;4;Paraguai;True;2;0.8
Pesos 0,10/0,65/0,25;39232190;10;Argentina;True;3;0.988
Pesos 0,20/0,65/0,15;39201099;11;Chile;True;3;1.0
Pesos 0,20/0,65/0,15;39232110;4;Paraguai;True;3;1.0
Pesos 0,20/0,65/0,15;39232190;10;Chile;False;3;0.988
Pesos 0,15/0,55/0,30;39201099;11;Chile;True;3;0.991
Pesos 0,15/0,55/0,30;39232110;4;Paraguai;True;2;0.8
Pesos 0,15/0,55/0,30;39232190;10;Argentina;True;2;0.964
Pesos 0,15/0,75/0,10;39201099;11;Argentina;False;3;0.973
Pesos 0,15/0,75/0,10;39232110;4;Paraguai;True;3;1.0
Pesos 0,15/0,75/0,10;39232190;10;Chile;False;3;0.976
Pesos 0,25/0,60/0,15;39201099;11;Chile;True;3;0.991
Pesos 0,25/0,60/0,15;39232110;4;Paraguai;True;3;1.0
Pesos 0,25/0,60/0,15;39232190;10;Chile;False;2;0.939
Pesos 0,45/0,45/0,10;39201099;11;Espanha;False;3;0.909
Pesos 0,45/0,45/0,10;39232110;4;Chile;False;3;0.4
Pesos 0,45/0,45/0,10;39232190;10;Chile;False;2;0.624
Pesos iguais (1/3 cada);39201099;11;Espanha;False;2;0.836
Pesos iguais (1/3 cada);39232110;4;Paraguai;True;3;1.0
Pesos iguais (1/3 cada);39232190;10;Chile;False;2;0.903
Filtro 5%;39201099;13;Argentina;False;3;0.982
Filtro 5%;39232110;7;Paraguai;True;2;0.8
Filtro 5%;39232190;12;Chile;False;3;0.988
Filtro 20%;39201099;9;Chile;True;3;1.0
Filtro 20%;39232110;3;Paraguai;True;3;1.0
Filtro 20%;39232190;8;Chile;False;3;0.976
Teto P80;39201099;11;Chile;True;3;1.0
Teto P80;39232110;4;Paraguai;True;3;1.0
Teto P80;39232190;10;Chile;False;3;0.988
Teto P95;39201099;11;Chile;True;3;1.0
Teto P95;39232110;4;Paraguai;True;3;1.0
Teto P95;39232190;10;Argentina;True;3;1.0
Sem teto;39201099;11;Chile;True;3;1.0
Sem teto;39232110;4;Paraguai;True;3;1.0
Sem teto;39232190;10;Argentina;True;3;1.0
